{"assets/LQFP-48_pcb2.svg":["assets/LQFP-48_pcb2.svg"],"assets/floor_map.svg":["assets/floor_map.svg"],"assets/icons/Documents.svg":["assets/icons/Documents.svg"],"assets/icons/Figma_file.svg":["assets/icons/Figma_file.svg"],"assets/icons/Search.svg":["assets/icons/Search.svg"],"assets/icons/doc_file.svg":["assets/icons/doc_file.svg"],"assets/icons/drop_box.svg":["assets/icons/drop_box.svg"],"assets/icons/excel_file.svg":["assets/icons/excel_file.svg"],"assets/icons/file_obfuscation.svg":["assets/icons/file_obfuscation.svg"],"assets/icons/folder.svg":["assets/icons/folder.svg"],"assets/icons/google_drive.svg":["assets/icons/google_drive.svg"],"assets/icons/hardware_scan.svg":["assets/icons/hardware_scan.svg"],"assets/icons/logo.svg":["assets/icons/logo.svg"],"assets/icons/logo_bak.svg":["assets/icons/logo_bak.svg"],"assets/icons/media.svg":["assets/icons/media.svg"],"assets/icons/media_file.svg":["assets/icons/media_file.svg"],"assets/icons/menu_dashboard.svg":["assets/icons/menu_dashboard.svg"],"assets/icons/menu_doc.svg":["assets/icons/menu_doc.svg"],"assets/icons/menu_notification.svg":["assets/icons/menu_notification.svg"],"assets/icons/menu_profile.svg":["assets/icons/menu_profile.svg"],"assets/icons/menu_setting.svg":["assets/icons/menu_setting.svg"],"assets/icons/menu_store.svg":["assets/icons/menu_store.svg"],"assets/icons/menu_task.svg":["assets/icons/menu_task.svg"],"assets/icons/menu_tran.svg":["assets/icons/menu_tran.svg"],"assets/icons/one_drive.svg":["assets/icons/one_drive.svg"],"assets/icons/pdf_file.svg":["assets/icons/pdf_file.svg"],"assets/icons/pulse.svg":["assets/icons/pulse.svg"],"assets/icons/signal.svg":["assets/icons/signal.svg"],"assets/icons/sound_file.svg":["assets/icons/sound_file.svg"],"assets/icons/unknown.svg":["assets/icons/unknown.svg"],"assets/icons/wifi.svg":["assets/icons/wifi.svg"],"assets/icons/xd_file.svg":["assets/icons/xd_file.svg"],"assets/images/iotsploit.svg":["assets/images/iotsploit.svg"],"assets/images/logo.png":["assets/images/logo.png"],"assets/images/logo_bak.png":["assets/images/logo_bak.png"],"assets/images/profile_pic.png":["assets/images/profile_pic.png"],"assets/images/task_3.svg":["assets/images/task_3.svg"],"packages/cupertino_icons/assets/CupertinoIcons.ttf":["packages/cupertino_icons/assets/CupertinoIcons.ttf"],"packages/easy_stepper/assets/loading_black.json":["packages/easy_stepper/assets/loading_black.json"],"packages/easy_stepper/assets/loading_white.json":["packages/easy_stepper/assets/loading_white.json"],"packages/window_manager/images/ic_chrome_close.png":["packages/window_manager/images/ic_chrome_close.png"],"packages/window_manager/images/ic_chrome_maximize.png":["packages/window_manager/images/ic_chrome_maximize.png"],"packages/window_manager/images/ic_chrome_minimize.png":["packages/window_manager/images/ic_chrome_minimize.png"],"packages/window_manager/images/ic_chrome_unmaximize.png":["packages/window_manager/images/ic_chrome_unmaximize.png"]}